{
  "sessions": [
    {
      "sessionId": "479f9dc1-8554-4e28-950a-9b6d93b60c56",
      "playerId": "0ensDEuSnKlcrhP-AAAB",
      "playerName": "ababab",
      "gameState": {
        "position": {
          "x": 705.0810175137195,
          "y": 464.8045399295248
        },
        "score": 40
      },
      "createdAt": 1750122817311,
      "lastActivity": 1750122886033,
      "reconnectCount": 0,
      "isOnline": false,
      "lastDisconnect": 1750122890311
    }
  ],
  "lastBackup": 1750122893128
}
